<?xml version="1.0" encoding="UTF-8"?>
<beans xmlns="http://www.springframework.org/schema/beans"
  xmlns:xsi="http://www.w3.org/2001/XMLSchema-instance" xmlns:security="http://www.springframework.org/schema/security"
  xsi:schemaLocation="http://www.springframework.org/schema/security http://www.springframework.org/schema/security/spring-security-4.2.xsd
    http://www.springframework.org/schema/beans http://www.springframework.org/schema/beans/spring-beans.xsd">

    <bean id="MyUserDetailsService"
  class="java.hello.MyUserDetailsService"/>
 
<security:authentication-manager>
    <security:authentication-provider
      user-service-ref="MyUserDetailsService" >
        <security:password-encoder ref="passwordEncoder">
        </security:password-encoder>
    </security:authentication-provider>
</security:authentication-manager>
     
<bean id="passwordEncoder"
  class="org.springframework.security
  .crypto.bcrypt.BCryptPasswordEncoder">
    <constructor-arg value="11"/>
</bean>
</beans>